{
    "livres" : [
        {
            "titre" : "Les profs 1",
            "auteurs" : ["George Orwel"],
            "isbn" : "00-11-22",
            "image" : "../images/bd1.jpg",
            "editeur" : "Gallimar",
            "datePublication" : "1949",
            "genre" : "bd",
            "resume" :"blablabla",
            "langue" : "Français",
            "nombrePages" : 200,
            "disponibilte" : false,
            "etat" : "bonne",
            "emplacement" : "bd"
        },
        {
            "titre" : "Pokemon",
            "auteurs" : ["George Orwel"],
            "isbn" : "00-11-22",
            "image" : "../images/Bibliothèque verte1.png",
            "editeur" : "Gallimar",
            "datePublication" : "1949",
            "genre" : "bd",
            "resume" :"blablabla",
            "langue" : "Français",
            "nombrePages" : 200,
            "disponibilte" : false,
            "etat" : "bonne",
            "emplacement" : "bverte"
        },
        {
            "titre" : "dinosaures",
            "auteurs" : ["George Orwel"],
            "isbn" : "00-11-22",
            "image" : "../images/dino1.jfif",
            "editeur" : "Gallimar",
            "datePublication" : "1949",
            "genre" : "bd",
            "resume" :"blablabla",
            "langue" : "Français",
            "nombrePages" : 200,
            "disponibilte" : false,
            "etat" : "bonne",
            "emplacement" : "bd"
        },
        {
            "titre" : "heritiere",
            "auteurs" : ["George Orwel"],
            "isbn" : "00-11-22",
            "image" : "../images/harlequin1.jpg",
            "editeur" : "Gallimar",
            "datePublication" : "1949",
            "genre" : "bd",
            "resume" :"blablabla",
            "langue" : "Français",
            "nombrePages" : 200,
            "disponibilte" : false,
            "etat" : "bonne",
            "emplacement" : "bd"
        }
    ]
}